name,source__001,source__002,destination__001,destination__002
a,19.362075,73.15782333,12.9894814,77.8056234
b,17.2630561,78.3789375,22.599906,88.229947
c,28.3068724,76.8839301,12.9894814,77.8056234
